{
    "Bypass": {
        "h": 0.49074074625968933,
        "w": 0.10418701171875,
        "x": 0.5157257318496704,
        "y": 0.03703703731298447
    },
    "Creator": {
        "h": 0.2777777910232544,
        "w": 0.10418701171875,
        "x": 0.635540783405304,
        "y": 0.03703703731298447
    },
    "Credits": {
        "h": 120.0,
        "w": 200.0,
        "x": 1600.0,
        "y": 400.0
    },
    "General": {
        "h": 0.25,
        "w": 0.1042277067899704,
        "x": 0.04169108346104622,
        "y": 0.03703703731298447
    },
    "Global": {
        "h": 0.31481480598449707,
        "w": 0.10430916398763657,
        "x": 0.15646372735500336,
        "y": 0.03703703731298447
    },
    "Labels": {
        "h": 0.3611111044883728,
        "w": 0.10418701171875,
        "x": 0.885589599609375,
        "y": 0.03703703731298447
    },
    "Level": {
        "h": 0.6574074029922485,
        "w": 0.10418701171875,
        "x": 0.27609556913375854,
        "y": 0.03703703731298447
    },
    "Macrobot": {
        "h": 0.35185185074806213,
        "w": 0.10418701171875,
        "x": 0.04167480394244194,
        "y": 0.31481480598449707
    },
    "Menu Settings": {
        "h": 0.5925925970077515,
        "w": 0.10418701171875,
        "x": 0.635540783405304,
        "y": 0.34259259700775146
    },
    "Player": {
        "h": 0.5185185074806213,
        "w": 0.10418701171875,
        "x": 0.3959106504917145,
        "y": 0.03703703731298447
    },
    "Recorder": {
        "h": 0.29629629850387573,
        "w": 0.10418701171875,
        "x": 0.156280517578125,
        "y": 0.37962964177131653
    },
    "Shortcuts": {
        "h": 0.48148149251937866,
        "w": 0.10418701171875,
        "x": 0.7605651617050171,
        "y": 0.03703703731298447
    },
    "Style Editor": {
        "h": 0.6018518805503845,
        "w": 0.42716675996780396,
        "x": 0.32818907499313354,
        "y": 0.2222222238779068
    },
    "res": {
        "x": 1920.0,
        "y": 1080.0
    }
}